subject_id,dataset
sub-STUNIPD0001,UNIPD/WashU
sub-STUNIPD0002,UNIPD/WashU
sub-STUNIPD0003,UNIPD/WashU
sub-STUNIPD0005,UNIPD/WashU
sub-STUNIPD0006,UNIPD/WashU
sub-STUNIPD0008,UNIPD/WashU
sub-STUNIPD0009,UNIPD/WashU
sub-STUNIPD0011,UNIPD/WashU
sub-STUNIPD0012,UNIPD/WashU
sub-STUNIPD0013,UNIPD/WashU
sub-STUNIPD0014,UNIPD/WashU
sub-STUNIPD0015,UNIPD/WashU
sub-STUNIPD0016,UNIPD/WashU
sub-STUNIPD0017,UNIPD/WashU
sub-STUNIPD0019,UNIPD/WashU
sub-STUNIPD0020,UNIPD/WashU
sub-STUNIPD0021,UNIPD/WashU
sub-STUNIPD0023,UNIPD/WashU
sub-STUNIPD0024,UNIPD/WashU
sub-STUNIPD0025,UNIPD/WashU
sub-STUNIPD0026,UNIPD/WashU
sub-STUNIPD0027,UNIPD/WashU
sub-STUNIPD0029,UNIPD/WashU
sub-STUNIPD0031,UNIPD/WashU
sub-STUNIPD0032,UNIPD/WashU
sub-STUNIPD0034,UNIPD/WashU
sub-STUNIPD0036,UNIPD/WashU
sub-STUNIPD0038,UNIPD/WashU
sub-STUNIPD0039,UNIPD/WashU
sub-STUNIPD0040,UNIPD/WashU
sub-STUNIPD0041,UNIPD/WashU
sub-STUNIPD0043,UNIPD/WashU
sub-STUNIPD0044,UNIPD/WashU
sub-STUNIPD0045,UNIPD/WashU
sub-STUNIPD0047,UNIPD/WashU
sub-STUNIPD0048,UNIPD/WashU
sub-STUNIPD0049,UNIPD/WashU
sub-STUNIPD0050,UNIPD/WashU
sub-STUNIPD0051,UNIPD/WashU
sub-STUNIPD0052,UNIPD/WashU
sub-STUNIPD0053,UNIPD/WashU
sub-STUNIPD0054,UNIPD/WashU
sub-STUNIPD0055,UNIPD/WashU
sub-STUNIPD0056,UNIPD/WashU
sub-STUNIPD0057,UNIPD/WashU
sub-STUNIPD0058,UNIPD/WashU
sub-STUNIPD0059,UNIPD/WashU
sub-STUNIPD0060,UNIPD/WashU
sub-STUNIPD0061,UNIPD/WashU
sub-STUNIPD0063,UNIPD/WashU
sub-STUNIPD0064,UNIPD/WashU
sub-STUNIPD0066,UNIPD/WashU
sub-STUNIPD0068,UNIPD/WashU
sub-STUNIPD0069,UNIPD/WashU
sub-STUNIPD0071,UNIPD/WashU
sub-STUNIPD0073,UNIPD/WashU
sub-STUNIPD0074,UNIPD/WashU
sub-STUNIPD0075,UNIPD/WashU
sub-STUNIPD0076,UNIPD/WashU
sub-STUNIPD0077,UNIPD/WashU
sub-STUNIPD0078,UNIPD/WashU
sub-STUNIPD0079,UNIPD/WashU
sub-STUNIPD0080,UNIPD/WashU
sub-STUNIPD0081,UNIPD/WashU
sub-STUNIPD0082,UNIPD/WashU
sub-STUNIPD0083,UNIPD/WashU
sub-STUNIPD0084,UNIPD/WashU
sub-STUNIPD0085,UNIPD/WashU
sub-STUNIPD0086,UNIPD/WashU
sub-STUNIPD0087,UNIPD/WashU
sub-STUNIPD0088,UNIPD/WashU
sub-STUNIPD0090,UNIPD/WashU
sub-STUNIPD0091,UNIPD/WashU
sub-STUNIPD0092,UNIPD/WashU
sub-STUNIPD0093,UNIPD/WashU
sub-STUNIPD0094,UNIPD/WashU
sub-STUNIPD0095,UNIPD/WashU
sub-STUNIPD0096,UNIPD/WashU
sub-STUNIPD0098,UNIPD/WashU
sub-STUNIPD0099,UNIPD/WashU
sub-STUNIPD0100,UNIPD/WashU
sub-STUNIPD0101,UNIPD/WashU
sub-STUNIPD0102,UNIPD/WashU
sub-STUNIPD0104,UNIPD/WashU
sub-STUNIPD0105,UNIPD/WashU
sub-STUNIPD0109,UNIPD/WashU
sub-STUNIPD0111,UNIPD/WashU
sub-STUNIPD0112,UNIPD/WashU
sub-STUNIPD0114,UNIPD/WashU
sub-STUNIPD0116,UNIPD/WashU
sub-STUNIPD0118,UNIPD/WashU
sub-STUNIPD0119,UNIPD/WashU
sub-STUNIPD0120,UNIPD/WashU
sub-STUNIPD0121,UNIPD/WashU
sub-STUNIPD0126,UNIPD/WashU
sub-STUNIPD0127,UNIPD/WashU
sub-STUNIPD0128,UNIPD/WashU
sub-STUNIPD0130,UNIPD/WashU
sub-STUNIPD0131,UNIPD/WashU
sub-STUNIPD0133,UNIPD/WashU
sub-STUNIPD0134,UNIPD/WashU
sub-STUNIPD0136,UNIPD/WashU
sub-STUNIPD0137,UNIPD/WashU
sub-STUNIPD0138,UNIPD/WashU
sub-STUNIPD0139,UNIPD/WashU
sub-STUNIPD0140,UNIPD/WashU
sub-STUNIPD0141,UNIPD/WashU
sub-STUNIPD0142,UNIPD/WashU
sub-STUNIPD0143,UNIPD/WashU
sub-STUNIPD0144,UNIPD/WashU
sub-STUNIPD0145,UNIPD/WashU
sub-STUNIPD0146,UNIPD/WashU
sub-STUNIPD0147,UNIPD/WashU
sub-STUNIPD0148,UNIPD/WashU
sub-STUNIPD0149,UNIPD/WashU
sub-STUNIPD0150,UNIPD/WashU
sub-STUNIPD0151,UNIPD/WashU
sub-STUNIPD0154,UNIPD/WashU
sub-STUNIPD0155,UNIPD/WashU
sub-STUNIPD0156,UNIPD/WashU
sub-STUNIPD0157,UNIPD/WashU
sub-STUNIPD0158,UNIPD/WashU
sub-STUNIPD0159,UNIPD/WashU
sub-STUNIPD0162,UNIPD/WashU
sub-STUNIPD0163,UNIPD/WashU
sub-STUNIPD0164,UNIPD/WashU
sub-STUNIPD0166,UNIPD/WashU
sub-STUNIPD0168,UNIPD/WashU
sub-STUNIPD0169,UNIPD/WashU
sub-STUNIPD0170,UNIPD/WashU
sub-STUNIPD0171,UNIPD/WashU
sub-STUNIPD0172,UNIPD/WashU
sub-STUNIPD0173,UNIPD/WashU
sub-STUNIPD0174,UNIPD/WashU
sub-STUNIPD0175,UNIPD/WashU
sub-STUNIPD0176,UNIPD/WashU
sub-STUNIPD0177,UNIPD/WashU
sub-STUNIPD0178,UNIPD/WashU
sub-STUNIPD0179,UNIPD/WashU
sub-STUNIPD0180,UNIPD/WashU
sub-STUNIPD0181,UNIPD/WashU
sub-STUNIPD0182,UNIPD/WashU
sub-STUNIPD0183,UNIPD/WashU
sub-STUNIPD0185,UNIPD/WashU
sub-STUNIPD0186,UNIPD/WashU
sub-STUNIPD0187,UNIPD/WashU
sub-STUNIPD0188,UNIPD/WashU
sub-STUNIPD0189,UNIPD/WashU
sub-STUNIPD0191,UNIPD/WashU
sub-STUNIPD0192,UNIPD/WashU
sub-STUNIPD0193,UNIPD/WashU
sub-STUNIPD0194,UNIPD/WashU
sub-STUNIPD0195,UNIPD/WashU
sub-STUNIPD0196,UNIPD/WashU
sub-STUNIPD0197,UNIPD/WashU
sub-STUNIPD0199,UNIPD/WashU
sub-STUNIPD0201,UNIPD/WashU
sub-STUNIPD0202,UNIPD/WashU
sub-STUNIPD0203,UNIPD/WashU
sub-STUNIPD0204,UNIPD/WashU
sub-STUNIPD0205,UNIPD/WashU
sub-STUNIPD0206,UNIPD/WashU
sub-STUNIPD0207,UNIPD/WashU
sub-STUNIPD0208,UNIPD/WashU
sub-STUNIPD0210,UNIPD/WashU
sub-STUNIPD0211,UNIPD/WashU
sub-STUNIPD0212,UNIPD/WashU
sub-STUNIPD0213,UNIPD/WashU
sub-STUNIPD0215,UNIPD/WashU
sub-STUNIPD0216,UNIPD/WashU
sub-STUNIPD0217,UNIPD/WashU
sub-STUNIPD0218,UNIPD/WashU
sub-STUNIPD0219,UNIPD/WashU
sub-STUNIPD0220,UNIPD/WashU
sub-STUNIPD0221,UNIPD/WashU
sub-STUNIPD0222,UNIPD/WashU
sub-STUNIPD0223,UNIPD/WashU
sub-STUNIPD0224,UNIPD/WashU
sub-STUNIPD0225,UNIPD/WashU
sub-STUNIPD0226,UNIPD/WashU
sub-STUNIPD0227,UNIPD/WashU
sub-STUNIPD0228,UNIPD/WashU
sub-STUNIPD0229,UNIPD/WashU
sub-STUNIPD0231,UNIPD/WashU
sub-STUNIPD0232,UNIPD/WashU
sub-STUNIPD0233,UNIPD/WashU
sub-STUNIPD0234,UNIPD/WashU
sub-STUNIPD0235,UNIPD/WashU
sub-STUNIPD0236,UNIPD/WashU
sub-STUNIPD0237,UNIPD/WashU
sub-STUNIPD0238,UNIPD/WashU
sub-STUNIPD0239,UNIPD/WashU
sub-STUNIPD0240,UNIPD/WashU
sub-STUNIPD0241,UNIPD/WashU
sub-STUNIPD0242,UNIPD/WashU
sub-STUNIPD0245,UNIPD/WashU
sub-STUNIPD0246,UNIPD/WashU
sub-STUNIPD0247,UNIPD/WashU
sub-STUNIPD0248,UNIPD/WashU
sub-STUNIPD0249,UNIPD/WashU
sub-STUNIPD0250,UNIPD/WashU
sub-STUNIPD0251,UNIPD/WashU
sub-STUNIPD0489,UNIPD/PASPORT
sub-STUNIPD0490,UNIPD/PASPORT
sub-STUNIPD0491,UNIPD/PASPORT
sub-STUNIPD0492,UNIPD/PASPORT
sub-STUNIPD0493,UNIPD/PASPORT
sub-STUNIPD0494,UNIPD/PASPORT
sub-STUNIPD0495,UNIPD/PASPORT
sub-STUNIPD0496,UNIPD/PASPORT
sub-STUNIPD0497,UNIPD/PASPORT
sub-STUNIPD0498,UNIPD/PASPORT
sub-STUNIPD0499,UNIPD/PASPORT
sub-STUNIPD0500,UNIPD/PASPORT
sub-STUNIPD0501,UNIPD/PASPORT
sub-STUNIPD0502,UNIPD/PASPORT
sub-STUNIPD0503,UNIPD/PASPORT
sub-STUNIPD0504,UNIPD/PASPORT
sub-STUNIPD0505,UNIPD/PASPORT
sub-STUNIPD0506,UNIPD/PASPORT
sub-STUNIPD0507,UNIPD/PASPORT
sub-STUNIPD0508,UNIPD/PASPORT
sub-STUNIPD0509,UNIPD/PASPORT
sub-STUNIPD0510,UNIPD/PASPORT
sub-STUNIPD0511,UNIPD/PASPORT
sub-STUNIPD0512,UNIPD/PASPORT
sub-STUNIPD0513,UNIPD/PASPORT
sub-STUNIPD0514,UNIPD/PASPORT
sub-STUNIPD0515,UNIPD/PASPORT
sub-STUNIPD0516,UNIPD/PASPORT
sub-STUNIPD0517,UNIPD/PASPORT
sub-STUNIPD0518,UNIPD/PASPORT
sub-STUNIPD0519,UNIPD/PASPORT
sub-STUNIPD0520,UNIPD/PASPORT
sub-STUNIPD0521,UNIPD/PASPORT
sub-STUNIPD0522,UNIPD/PASPORT
sub-STUNIPD0523,UNIPD/PASPORT
sub-STUNIPD0524,UNIPD/PASPORT
sub-STUNIPD0525,UNIPD/PASPORT
sub-STUNIPD0526,UNIPD/PASPORT
sub-STUNIPD0527,UNIPD/PASPORT
sub-STUNIPD0528,UNIPD/PASPORT
sub-STUNIPD0529,UNIPD/PASPORT
sub-STUNIPD0530,UNIPD/PASPORT
sub-STUNIPD0531,UNIPD/PASPORT
sub-STUNIPD0532,UNIPD/PASPORT
sub-STUNIPD0533,UNIPD/PASPORT
sub-STUNIPD0534,UNIPD/PASPORT
sub-STUNIPD0535,UNIPD/PASPORT
sub-STUNIPD0536,UNIPD/PASPORT
sub-STUNIPD0537,UNIPD/PASPORT
sub-STUNIPD0538,UNIPD/PASPORT
sub-STUNIPD0539,UNIPD/PASPORT
sub-STUNIPD0540,UNIPD/PASPORT
sub-STUNIPD0541,UNIPD/PASPORT
sub-STUNIPD0542,UNIPD/PASPORT
sub-STUNIPD0543,UNIPD/PASPORT
sub-STUNIPD0547,UNIPD/PASPORT
sub-STUNIPD0548,UNIPD/PASPORT
sub-STUNIPD0551,UNIPD/PASPORT
sub-STUNIPD0552,UNIPD/PASPORT
sub-STUNIPD0553,UNIPD/PASPORT
sub-STUNIPD0556,UNIPD/PASPORT
sub-STUNIPD0557,UNIPD/PASPORT
sub-STUNIPD0558,UNIPD/PASPORT
sub-STUNIPD0559,UNIPD/PASPORT
sub-STUNIPD0560,UNIPD/PASPORT
sub-STUNIPD0561,UNIPD/PASPORT
sub-STUNIPD0562,UNIPD/PASPORT
sub-STUNIPD0563,UNIPD/PASPORT
sub-STUNIPD0564,UNIPD/PASPORT
sub-STUNIPD0565,UNIPD/PASPORT
sub-STUNIPD0567,UNIPD/PASPORT
sub-STUNIPD0568,UNIPD/PASPORT
sub-STUNIPD0571,UNIPD/PASPORT
sub-STUNIPD0573,UNIPD/PASPORT
sub-STUNIPD0574,UNIPD/PASPORT
sub-STUNIPD0575,UNIPD/PASPORT
sub-STUNIPD0576,UNIPD/PASPORT
sub-STUNIPD0577,UNIPD/PASPORT
sub-STUNIPD0578,UNIPD/PASPORT
sub-STUNIPD0580,UNIPD/PASPORT
sub-STUNIPD0583,UNIPD/PASPORT
sub-STUNIPD0584,UNIPD/PASPORT
sub-STUNIPD0585,UNIPD/PASPORT
sub-STUNIPD0252,UNIPD/PSP
sub-STUNIPD0253,UNIPD/PSP
sub-STUNIPD0254,UNIPD/PSP
sub-STUNIPD0255,UNIPD/PSP
sub-STUNIPD0256,UNIPD/PSP
sub-STUNIPD0257,UNIPD/PSP
sub-STUNIPD0258,UNIPD/PSP
sub-STUNIPD0259,UNIPD/PSP
sub-STUNIPD0260,UNIPD/PSP
sub-STUNIPD0261,UNIPD/PSP
sub-STUNIPD0262,UNIPD/PSP
sub-STUNIPD0264,UNIPD/PSP
sub-STUNIPD0265,UNIPD/PSP
sub-STUNIPD0266,UNIPD/PSP
sub-STUNIPD0267,UNIPD/PSP
sub-STUNIPD0268,UNIPD/PSP
sub-STUNIPD0270,UNIPD/PSP
sub-STUNIPD0271,UNIPD/PSP
sub-STUNIPD0272,UNIPD/PSP
sub-STUNIPD0273,UNIPD/PSP
sub-STUNIPD0274,UNIPD/PSP
sub-STUNIPD0275,UNIPD/PSP
sub-STUNIPD0276,UNIPD/PSP
sub-STUNIPD0277,UNIPD/PSP
sub-STUNIPD0278,UNIPD/PSP
sub-STUNIPD0279,UNIPD/PSP
sub-STUNIPD0280,UNIPD/PSP
sub-STUNIPD0281,UNIPD/PSP
sub-STUNIPD0282,UNIPD/PSP
sub-STUNIPD0283,UNIPD/PSP
sub-STUNIPD0284,UNIPD/PSP
sub-STUNIPD0285,UNIPD/PSP
sub-STUNIPD0286,UNIPD/PSP
sub-STUNIPD0287,UNIPD/PSP
sub-STUNIPD0288,UNIPD/PSP
sub-STUNIPD0289,UNIPD/PSP
sub-STUNIPD0290,UNIPD/PSP
sub-STUNIPD0291,UNIPD/PSP
sub-STUNIPD0292,UNIPD/PSP
sub-STUNIPD0293,UNIPD/PSP
sub-STUNIPD0295,UNIPD/PSP
sub-STUNIPD0296,UNIPD/PSP
sub-STUNIPD0297,UNIPD/PSP
sub-STUNIPD0299,UNIPD/PSP
sub-STUNIPD0300,UNIPD/PSP
sub-STUNIPD0303,UNIPD/PSP
sub-STUNIPD0304,UNIPD/PSP
sub-STUNIPD0305,UNIPD/PSP
sub-STUNIPD0306,UNIPD/PSP
sub-STUNIPD0308,UNIPD/PSP
sub-STUNIPD0309,UNIPD/PSP
sub-STUNIPD0310,UNIPD/PSP
sub-STUNIPD0311,UNIPD/PSP
sub-STUNIPD0312,UNIPD/PSP
sub-STUNIPD0313,UNIPD/PSP
sub-STUNIPD0314,UNIPD/PSP
sub-STUNIPD0315,UNIPD/PSP
sub-STUNIPD0317,UNIPD/PSP
sub-STUNIPD0318,UNIPD/PSP
sub-STUNIPD0319,UNIPD/PSP
sub-STUNIPD0320,UNIPD/PSP
sub-STUNIPD0322,UNIPD/PSP
sub-STUNIPD0323,UNIPD/PSP
sub-STUNIPD0325,UNIPD/PSP
sub-STUNIPD0326,UNIPD/PSP
sub-STUNIPD0327,UNIPD/PSP
sub-STUNIPD0329,UNIPD/PSP
sub-STUNIPD0330,UNIPD/PSP
sub-STUNIPD0332,UNIPD/PSP
sub-STUNIPD0333,UNIPD/PSP
sub-STUNIPD0335,UNIPD/PSP
sub-STUNIPD0336,UNIPD/PSP
sub-STUNIPD0338,UNIPD/PSP
sub-STUNIPD0341,UNIPD/PSP
sub-STUNIPD0342,UNIPD/PSP
sub-STUNIPD0343,UNIPD/PSP
sub-STUNIPD0344,UNIPD/PSP
sub-STUNIPD0345,UNIPD/PSP
sub-STUNIPD0346,UNIPD/PSP
sub-STUNIPD0348,UNIPD/PSP
sub-STUNIPD0349,UNIPD/PSP
sub-STUNIPD0350,UNIPD/PSP
sub-STUNIPD0352,UNIPD/PSP
sub-STUNIPD0353,UNIPD/PSP
sub-STUNIPD0355,UNIPD/PSP
sub-STUNIPD0357,UNIPD/PSP
sub-STUNIPD0358,UNIPD/PSP
sub-STUNIPD0359,UNIPD/PSP
sub-STUNIPD0360,UNIPD/PSP
sub-STUNIPD0361,UNIPD/PSP
sub-STUNIPD0366,UNIPD/PSP
sub-STUNIPD0368,UNIPD/PSP
sub-STUNIPD0369,UNIPD/PSP
sub-STUNIPD0371,UNIPD/PSP
sub-STUNIPD0372,UNIPD/PSP
sub-STUNIPD0373,UNIPD/PSP
sub-STUNIPD0375,UNIPD/PSP
sub-STUNIPD0376,UNIPD/PSP
sub-STUNIPD0377,UNIPD/PSP
sub-STUNIPD0378,UNIPD/PSP
sub-STUNIPD0380,UNIPD/PSP
sub-STUNIPD0381,UNIPD/PSP
sub-STUNIPD0383,UNIPD/PSP
sub-STUNIPD0384,UNIPD/PSP
sub-STUNIPD0386,UNIPD/PSP
sub-STUNIPD0387,UNIPD/PSP
sub-STUNIPD0388,UNIPD/PSP
sub-STUNIPD0389,UNIPD/PSP
sub-STUNIPD0390,UNIPD/PSP
sub-STUNIPD0391,UNIPD/PSP
sub-STUNIPD0392,UNIPD/PSP
sub-STUNIPD0393,UNIPD/PSP
sub-STUNIPD0394,UNIPD/PSP
sub-STUNIPD0395,UNIPD/PSP
sub-STUNIPD0396,UNIPD/PSP
sub-STUNIPD0397,UNIPD/PSP
sub-STUNIPD0399,UNIPD/PSP
sub-STUNIPD0400,UNIPD/PSP
sub-STUNIPD0401,UNIPD/PSP
sub-STUNIPD0402,UNIPD/PSP
sub-STUNIPD0403,UNIPD/PSP
sub-STUNIPD0405,UNIPD/PSP
sub-STUNIPD0407,UNIPD/PSP
sub-STUNIPD0408,UNIPD/PSP
sub-STUNIPD0410,UNIPD/PSP
sub-STUNIPD0412,UNIPD/PSP
sub-STUNIPD0414,UNIPD/PSP
sub-STUNIPD0416,UNIPD/PSP
sub-STUNIPD0417,UNIPD/PSP
sub-STUNIPD0418,UNIPD/PSP
sub-STUNIPD0419,UNIPD/PSP
sub-STUNIPD0420,UNIPD/PSP
sub-STUNIPD0422,UNIPD/PSP
sub-STUNIPD0423,UNIPD/PSP
sub-STUNIPD0424,UNIPD/PSP
sub-STUNIPD0426,UNIPD/PSP
sub-STUNIPD0429,UNIPD/PSP
sub-STUNIPD0432,UNIPD/PSP
sub-STUNIPD0433,UNIPD/PSP
sub-STUNIPD0435,UNIPD/PSP
sub-STUNIPD0436,UNIPD/PSP
sub-STUNIPD0437,UNIPD/PSP
sub-STUNIPD0438,UNIPD/PSP
sub-STUNIPD0439,UNIPD/PSP
sub-STUNIPD0441,UNIPD/PSP
sub-STUNIPD0445,UNIPD/PSP
sub-STUNIPD0446,UNIPD/PSP
sub-STUNIPD0447,UNIPD/PSP
sub-STUNIPD0449,UNIPD/PSP
sub-STUNIPD0450,UNIPD/PSP
sub-STUNIPD0451,UNIPD/PSP
sub-STUNIPD0453,UNIPD/PSP
sub-STUNIPD0454,UNIPD/PSP
sub-STUNIPD0456,UNIPD/PSP
sub-STUNIPD0459,UNIPD/PSP
sub-STUNIPD0463,UNIPD/PSP
sub-STUNIPD0466,UNIPD/PSP
sub-STUNIPD0467,UNIPD/PSP
sub-STUNIPD0472,UNIPD/PSP
sub-STUNIPD0473,UNIPD/PSP
sub-STUNIPD0474,UNIPD/PSP
sub-STUNIPD0475,UNIPD/PSP
sub-STUNIPD0476,UNIPD/PSP
sub-STUNIPD0477,UNIPD/PSP
sub-STUNIPD0483,UNIPD/PSP
sub-STUNIPD0485,UNIPD/PSP
sub-STUNIPD0486,UNIPD/PSP
sub-STUNIPD0487,UNIPD/PSP
sub-STUKLFR0001,UKLFR/stroke_UKLFR
sub-STUKLFR0002,UKLFR/stroke_UKLFR
sub-STUKLFR0003,UKLFR/stroke_UKLFR
sub-STUKLFR0004,UKLFR/stroke_UKLFR
sub-STUKLFR0006,UKLFR/stroke_UKLFR
sub-STUKLFR0007,UKLFR/stroke_UKLFR
sub-STUKLFR0008,UKLFR/stroke_UKLFR
sub-STUKLFR0009,UKLFR/stroke_UKLFR
sub-STUKLFR0010,UKLFR/stroke_UKLFR
sub-STUKLFR0011,UKLFR/stroke_UKLFR
sub-STUKLFR0012,UKLFR/stroke_UKLFR
sub-STUKLFR0013,UKLFR/stroke_UKLFR
sub-STUKLFR0014,UKLFR/stroke_UKLFR
sub-STUKLFR0015,UKLFR/stroke_UKLFR
sub-STUKLFR0016,UKLFR/stroke_UKLFR
sub-STUKLFR0017,UKLFR/stroke_UKLFR
sub-STUKLFR0018,UKLFR/stroke_UKLFR
sub-STUKLFR0019,UKLFR/stroke_UKLFR
sub-STUKLFR0020,UKLFR/stroke_UKLFR
sub-STUKLFR0021,UKLFR/stroke_UKLFR
sub-STUKLFR0022,UKLFR/stroke_UKLFR
sub-STUKLFR0023,UKLFR/stroke_UKLFR
sub-STUKLFR0024,UKLFR/stroke_UKLFR
sub-STUKLFR0025,UKLFR/stroke_UKLFR
sub-STUKLFR0026,UKLFR/stroke_UKLFR
sub-STUKLFR0027,UKLFR/stroke_UKLFR
sub-STUKLFR0028,UKLFR/stroke_UKLFR
sub-STUKLFR0029,UKLFR/stroke_UKLFR
sub-STUKLFR0031,UKLFR/stroke_UKLFR
sub-STUKLFR0032,UKLFR/stroke_UKLFR
sub-STUKLFR0033,UKLFR/stroke_UKLFR
sub-STUKLFR0034,UKLFR/stroke_UKLFR
sub-STUKLFR0036,UKLFR/stroke_UKLFR
sub-STUKLFR0037,UKLFR/stroke_UKLFR
sub-STUKLFR0038,UKLFR/stroke_UKLFR
sub-STUKLFR0039,UKLFR/stroke_UKLFR
sub-STUKLFR0040,UKLFR/stroke_UKLFR
sub-STUKLFR0041,UKLFR/stroke_UKLFR
sub-STUKLFR0042,UKLFR/stroke_UKLFR
sub-STUKLFR0043,UKLFR/stroke_UKLFR
sub-STUKLFR0044,UKLFR/stroke_UKLFR
sub-STUKLFR0045,UKLFR/stroke_UKLFR
sub-STUKLFR0046,UKLFR/stroke_UKLFR
sub-STUKLFR0047,UKLFR/stroke_UKLFR
sub-STUKLFR0048,UKLFR/stroke_UKLFR
sub-STUKLFR0049,UKLFR/stroke_UKLFR
sub-STUKLFR0050,UKLFR/stroke_UKLFR
sub-STUKLFR0051,UKLFR/stroke_UKLFR
sub-STUKLFR0052,UKLFR/stroke_UKLFR
sub-STUKLFR0053,UKLFR/stroke_UKLFR
sub-STUKLFR0054,UKLFR/stroke_UKLFR
sub-STUKLFR0055,UKLFR/stroke_UKLFR
sub-STUKLFR0057,UKLFR/stroke_UKLFR
sub-STUKLFR0058,UKLFR/stroke_UKLFR
sub-STUKLFR0059,UKLFR/stroke_UKLFR
sub-STUKLFR0060,UKLFR/stroke_UKLFR
sub-STUKLFR0061,UKLFR/stroke_UKLFR
sub-STUKLFR0062,UKLFR/stroke_UKLFR
sub-STUKLFR0063,UKLFR/stroke_UKLFR
sub-STUKLFR0064,UKLFR/stroke_UKLFR
sub-STUKLFR0065,UKLFR/stroke_UKLFR
sub-STUKLFR0066,UKLFR/stroke_UKLFR
sub-STUKLFR0067,UKLFR/stroke_UKLFR
sub-STUKLFR0068,UKLFR/stroke_UKLFR
sub-STUKLFR0069,UKLFR/stroke_UKLFR
sub-STUKLFR0070,UKLFR/stroke_UKLFR
sub-STUKLFR0071,UKLFR/stroke_UKLFR
sub-STUKLFR0072,UKLFR/stroke_UKLFR
sub-STUKLFR0073,UKLFR/stroke_UKLFR
sub-STUKLFR0074,UKLFR/stroke_UKLFR
sub-STUKLFR0075,UKLFR/stroke_UKLFR
sub-STUKLFR0076,UKLFR/stroke_UKLFR
sub-STUKLFR0077,UKLFR/stroke_UKLFR
sub-STUKLFR0078,UKLFR/stroke_UKLFR
sub-STUKLFR0079,UKLFR/stroke_UKLFR
sub-STUKLFR0080,UKLFR/stroke_UKLFR
sub-STUKLFR0081,UKLFR/stroke_UKLFR
sub-STUKLFR0082,UKLFR/stroke_UKLFR
sub-STUKLFR0083,UKLFR/stroke_UKLFR
sub-STUKLFR0084,UKLFR/stroke_UKLFR
sub-STUKLFR0085,UKLFR/stroke_UKLFR
sub-STUKLFR0086,UKLFR/stroke_UKLFR
sub-STUKLFR0087,UKLFR/stroke_UKLFR
sub-STUKLFR0088,UKLFR/stroke_UKLFR
sub-STUKLFR0089,UKLFR/stroke_UKLFR
sub-STUKLFR0090,UKLFR/stroke_UKLFR
sub-STUKLFR0091,UKLFR/stroke_UKLFR
sub-STUKLFR0092,UKLFR/stroke_UKLFR
sub-STUKLFR0093,UKLFR/stroke_UKLFR
sub-STUKLFR0094,UKLFR/stroke_UKLFR
sub-STUKLFR0095,UKLFR/stroke_UKLFR
sub-STUKLFR0096,UKLFR/stroke_UKLFR
sub-STUKLFR0098,UKLFR/stroke_UKLFR
sub-STUKLFR0099,UKLFR/stroke_UKLFR
sub-STUKLFR0100,UKLFR/stroke_UKLFR
sub-STUKLFR0101,UKLFR/stroke_UKLFR
sub-STUKLFR0102,UKLFR/stroke_UKLFR
sub-STUKLFR0103,UKLFR/stroke_UKLFR
sub-STUKLFR0104,UKLFR/stroke_UKLFR
sub-STUKLFR0105,UKLFR/stroke_UKLFR
sub-STUKLFR0106,UKLFR/stroke_UKLFR
sub-STUKLFR0107,UKLFR/stroke_UKLFR
sub-STUKLFR0108,UKLFR/stroke_UKLFR
sub-STUKLFR0109,UKLFR/stroke_UKLFR
sub-STUKLFR0110,UKLFR/stroke_UKLFR
sub-STUKLFR0111,UKLFR/stroke_UKLFR
sub-STUKLFR0112,UKLFR/stroke_UKLFR
sub-STUKLFR0113,UKLFR/stroke_UKLFR
sub-STUKLFR0114,UKLFR/stroke_UKLFR
sub-STUKLFR0115,UKLFR/stroke_UKLFR
sub-STUKLFR0116,UKLFR/stroke_UKLFR
sub-STUKLFR0117,UKLFR/stroke_UKLFR
sub-STUKLFR0118,UKLFR/stroke_UKLFR
sub-STUKLFR0119,UKLFR/stroke_UKLFR
sub-STUKLFR0120,UKLFR/stroke_UKLFR
sub-STUKLFR0121,UKLFR/stroke_UKLFR
sub-STUKLFR0122,UKLFR/stroke_UKLFR
sub-STUKLFR0123,UKLFR/stroke_UKLFR
sub-STUKLFR0124,UKLFR/stroke_UKLFR
sub-STUKLFR0125,UKLFR/stroke_UKLFR
sub-STUKLFR0126,UKLFR/stroke_UKLFR
sub-STUKLFR0127,UKLFR/stroke_UKLFR
sub-STUKLFR0128,UKLFR/stroke_UKLFR
sub-STUKLFR0129,UKLFR/stroke_UKLFR
sub-STUKLFR0130,UKLFR/stroke_UKLFR
sub-STUKLFR0133,UKLFR/stroke_UKLFR
sub-STUKLFR0134,UKLFR/stroke_UKLFR
sub-STUKLFR0135,UKLFR/stroke_UKLFR
sub-STUKLFR0136,UKLFR/stroke_UKLFR
sub-STUKLFR0137,UKLFR/stroke_UKLFR
sub-STUKLFR0138,UKLFR/stroke_UKLFR
sub-STUKLFR0139,UKLFR/stroke_UKLFR
sub-STUKLFR0140,UKLFR/stroke_UKLFR
sub-STUKLFR0141,UKLFR/stroke_UKLFR
sub-STUKLFR0143,UKLFR/stroke_UKLFR
sub-STUKLFR0144,UKLFR/stroke_UKLFR
sub-STUKLFR0145,UKLFR/stroke_UKLFR
sub-STUKLFR0146,UKLFR/stroke_UKLFR
sub-STUKLFR0147,UKLFR/stroke_UKLFR
sub-STUKLFR0148,UKLFR/stroke_UKLFR
sub-STUKLFR0149,UKLFR/stroke_UKLFR
sub-STUKLFR0150,UKLFR/stroke_UKLFR
sub-STUKLFR0152,UKLFR/stroke_UKLFR
sub-STUKLFR0153,UKLFR/stroke_UKLFR
sub-STUKLFR0154,UKLFR/stroke_UKLFR
sub-STUKLFR0156,UKLFR/stroke_UKLFR
sub-STUKLFR0157,UKLFR/stroke_UKLFR
sub-STUKLFR0158,UKLFR/stroke_UKLFR
sub-STUKLFR0159,UKLFR/stroke_UKLFR
sub-STUKLFR0160,UKLFR/stroke_UKLFR
sub-STUKLFR0161,UKLFR/stroke_UKLFR
sub-STUKLFR0162,UKLFR/stroke_UKLFR
sub-STUKLFR0163,UKLFR/stroke_UKLFR
sub-STUKLFR0164,UKLFR/stroke_UKLFR
sub-STUKLFR0165,UKLFR/stroke_UKLFR
sub-STUKLFR0167,UKLFR/stroke_UKLFR
sub-STUKLFR0168,UKLFR/stroke_UKLFR
sub-STUKLFR0169,UKLFR/stroke_UKLFR
sub-STUKLFR0170,UKLFR/stroke_UKLFR
sub-STUKLFR0171,UKLFR/stroke_UKLFR
sub-STUKLFR0172,UKLFR/stroke_UKLFR
sub-STUKLFR0173,UKLFR/stroke_UKLFR
sub-STUKLFR0174,UKLFR/stroke_UKLFR
sub-STUKLFR0175,UKLFR/stroke_UKLFR
sub-STUKLFR0176,UKLFR/stroke_UKLFR
sub-STUKLFR0177,UKLFR/stroke_UKLFR
sub-STUKLFR0178,UKLFR/stroke_UKLFR
sub-STUKLFR0179,UKLFR/stroke_UKLFR
sub-STUKLFR0180,UKLFR/stroke_UKLFR
sub-STUKLFR0181,UKLFR/stroke_UKLFR
sub-STUKLFR0182,UKLFR/stroke_UKLFR
sub-STUKLFR0183,UKLFR/stroke_UKLFR
sub-STUKLFR0185,UKLFR/stroke_UKLFR
sub-STUKLFR0186,UKLFR/stroke_UKLFR
sub-STUKLFR0187,UKLFR/stroke_UKLFR
sub-STUKLFR0188,UKLFR/stroke_UKLFR
sub-STUKLFR0189,UKLFR/stroke_UKLFR
sub-STUKLFR0190,UKLFR/stroke_UKLFR
sub-STUKLFR0191,UKLFR/stroke_UKLFR
sub-STUKLFR0192,UKLFR/stroke_UKLFR
sub-STUKLFR0193,UKLFR/stroke_UKLFR
sub-STUKLFR0194,UKLFR/stroke_UKLFR
sub-STUKLFR0195,UKLFR/stroke_UKLFR
sub-STUKLFR0196,UKLFR/stroke_UKLFR
sub-STUKLFR0197,UKLFR/stroke_UKLFR
sub-STUKLFR0198,UKLFR/stroke_UKLFR
sub-STUKLFR0199,UKLFR/stroke_UKLFR
sub-STUKLFR0200,UKLFR/stroke_UKLFR
sub-STUKLFR0201,UKLFR/stroke_UKLFR
sub-STUKLFR0202,UKLFR/stroke_UKLFR
sub-STUKLFR0203,UKLFR/stroke_UKLFR
sub-STUKLFR0204,UKLFR/stroke_UKLFR
sub-STUKLFR0205,UKLFR/stroke_UKLFR
sub-STUKLFR0206,UKLFR/stroke_UKLFR
sub-STUKLFR0207,UKLFR/stroke_UKLFR
sub-STUKLFR0209,UKLFR/stroke_UKLFR
sub-STUKLFR0210,UKLFR/stroke_UKLFR
sub-STUKLFR0211,UKLFR/stroke_UKLFR
sub-STUKLFR0212,UKLFR/stroke_UKLFR
sub-STUKLFR0213,UKLFR/stroke_UKLFR
sub-STUKLFR0214,UKLFR/stroke_UKLFR
sub-STUKLFR0215,UKLFR/stroke_UKLFR
sub-STUKLFR0216,UKLFR/stroke_UKLFR
sub-STUKLFR0217,UKLFR/stroke_UKLFR
sub-STUKLFR0218,UKLFR/stroke_UKLFR
sub-STUKLFR0219,UKLFR/stroke_UKLFR
sub-STUKLFR0220,UKLFR/stroke_UKLFR
sub-STUKLFR0221,UKLFR/stroke_UKLFR
sub-STUKLFR0222,UKLFR/stroke_UKLFR
sub-STUKLFR0223,UKLFR/stroke_UKLFR
sub-STUKLFR0224,UKLFR/stroke_UKLFR
sub-STUKLFR0225,UKLFR/stroke_UKLFR
sub-STUKLFR0226,UKLFR/stroke_UKLFR
sub-STUKLFR0227,UKLFR/stroke_UKLFR
sub-STUKLFR0228,UKLFR/stroke_UKLFR
sub-STUKLFR0229,UKLFR/stroke_UKLFR
sub-STUKLFR0230,UKLFR/stroke_UKLFR
sub-STUKLFR0231,UKLFR/stroke_UKLFR
sub-STUKLFR0232,UKLFR/stroke_UKLFR
sub-STUKLFR0233,UKLFR/stroke_UKLFR
sub-STUKLFR0234,UKLFR/stroke_UKLFR
sub-STUKLFR0235,UKLFR/stroke_UKLFR
sub-STUKLFR0237,UKLFR/stroke_UKLFR
sub-STUKLFR0239,UKLFR/stroke_UKLFR
sub-STUKLFR0240,UKLFR/stroke_UKLFR
sub-STUKLFR0241,UKLFR/stroke_UKLFR
sub-STUKLFR0242,UKLFR/stroke_UKLFR
sub-STUKLFR0243,UKLFR/stroke_UKLFR
sub-STUKLFR0244,UKLFR/stroke_UKLFR
sub-STUKLFR0245,UKLFR/stroke_UKLFR
sub-STUKLFR0246,UKLFR/stroke_UKLFR
sub-STUKLFR0247,UKLFR/stroke_UKLFR
sub-STUKLFR0248,UKLFR/stroke_UKLFR
sub-STUKLFR0249,UKLFR/stroke_UKLFR
sub-STUKLFR0251,UKLFR/stroke_UKLFR
sub-STUKLFR0252,UKLFR/stroke_UKLFR
sub-STUKLFR0253,UKLFR/stroke_UKLFR
sub-STUKLFR0254,UKLFR/stroke_UKLFR
sub-STUKLFR0255,UKLFR/stroke_UKLFR
sub-STUKLFR0256,UKLFR/stroke_UKLFR
sub-STUKLFR0257,UKLFR/stroke_UKLFR
sub-STUKLFR0258,UKLFR/stroke_UKLFR
sub-STUKLFR0259,UKLFR/stroke_UKLFR
sub-STUKLFR0260,UKLFR/stroke_UKLFR
sub-STUKLFR0261,UKLFR/stroke_UKLFR
sub-STUKLFR0262,UKLFR/stroke_UKLFR
sub-STUKLFR0263,UKLFR/stroke_UKLFR
sub-STUKLFR0265,UKLFR/stroke_UKLFR
sub-STUKLFR0266,UKLFR/stroke_UKLFR
sub-STUKLFR0267,UKLFR/stroke_UKLFR
sub-STUKLFR0268,UKLFR/stroke_UKLFR
sub-STUKLFR0269,UKLFR/stroke_UKLFR
sub-STUKLFR0270,UKLFR/stroke_UKLFR
sub-STUKLFR0271,UKLFR/stroke_UKLFR
sub-STUKLFR0272,UKLFR/stroke_UKLFR
sub-STUKLFR0273,UKLFR/stroke_UKLFR
sub-STUKLFR0274,UKLFR/stroke_UKLFR
sub-STUKLFR0276,UKLFR/stroke_UKLFR
sub-STUKLFR0277,UKLFR/stroke_UKLFR
sub-STUKLFR0278,UKLFR/stroke_UKLFR
sub-STUKLFR0280,UKLFR/stroke_UKLFR
sub-STUKLFR0281,UKLFR/stroke_UKLFR
sub-STUKLFR0282,UKLFR/stroke_UKLFR
sub-STUKLFR0283,UKLFR/stroke_UKLFR
sub-STUKLFR0284,UKLFR/stroke_UKLFR
sub-STUKLFR0285,UKLFR/stroke_UKLFR
sub-STUKLFR0286,UKLFR/stroke_UKLFR
sub-STUKLFR0287,UKLFR/stroke_UKLFR
sub-STUKLFR0288,UKLFR/stroke_UKLFR
sub-STUKLFR0289,UKLFR/stroke_UKLFR
sub-STUKLFR0290,UKLFR/stroke_UKLFR
sub-STUKLFR0291,UKLFR/stroke_UKLFR
sub-STUKLFR0292,UKLFR/stroke_UKLFR
sub-STUKLFR0293,UKLFR/stroke_UKLFR
sub-STUKLFR0294,UKLFR/stroke_UKLFR
sub-STUKLFR0295,UKLFR/stroke_UKLFR
sub-STUKLFR0296,UKLFR/stroke_UKLFR
sub-STUKLFR0297,UKLFR/stroke_UKLFR
sub-STUKLFR0298,UKLFR/stroke_UKLFR
sub-STUKLFR0299,UKLFR/stroke_UKLFR
sub-STUKLFR0300,UKLFR/stroke_UKLFR
sub-STUKLFR0301,UKLFR/stroke_UKLFR
sub-STUKLFR0302,UKLFR/stroke_UKLFR
sub-STUKLFR0303,UKLFR/stroke_UKLFR
sub-STUKLFR0304,UKLFR/stroke_UKLFR
sub-STUKLFR0305,UKLFR/stroke_UKLFR
sub-STUKLFR0306,UKLFR/stroke_UKLFR
sub-STUKLFR0307,UKLFR/stroke_UKLFR
sub-STUKLFR0308,UKLFR/stroke_UKLFR
sub-STUKLFR0309,UKLFR/stroke_UKLFR
sub-STUKLFR0310,UKLFR/stroke_UKLFR
sub-STUKLFR0311,UKLFR/stroke_UKLFR
sub-STUKLFR0312,UKLFR/stroke_UKLFR
sub-STUKLFR0313,UKLFR/stroke_UKLFR
sub-STUKLFR0314,UKLFR/stroke_UKLFR
sub-STUKLFR0315,UKLFR/stroke_UKLFR
sub-STUKLFR0316,UKLFR/stroke_UKLFR
sub-STUKLFR0317,UKLFR/stroke_UKLFR
sub-STUKLFR0318,UKLFR/stroke_UKLFR
sub-STUKLFR0319,UKLFR/stroke_UKLFR
sub-STUKLFR0320,UKLFR/stroke_UKLFR
sub-STUKLFR0321,UKLFR/stroke_UKLFR
sub-STUKLFR0322,UKLFR/stroke_UKLFR
sub-STUKLFR0323,UKLFR/stroke_UKLFR
sub-STUKLFR0324,UKLFR/stroke_UKLFR
sub-STUKLFR0325,UKLFR/stroke_UKLFR
sub-STUKLFR0326,UKLFR/stroke_UKLFR
sub-STUKLFR0327,UKLFR/stroke_UKLFR
sub-STUKLFR0328,UKLFR/stroke_UKLFR
sub-STUKLFR0329,UKLFR/stroke_UKLFR
sub-STUKLFR0330,UKLFR/stroke_UKLFR
sub-STUKLFR0331,UKLFR/stroke_UKLFR
sub-STUKLFR0332,UKLFR/stroke_UKLFR
sub-STUKLFR0333,UKLFR/stroke_UKLFR
sub-STUKLFR0334,UKLFR/stroke_UKLFR
sub-STUKLFR0335,UKLFR/stroke_UKLFR
sub-STUKLFR0337,UKLFR/stroke_UKLFR
sub-STUKLFR0338,UKLFR/stroke_UKLFR
sub-STUKLFR0339,UKLFR/stroke_UKLFR
sub-STUKLFR0340,UKLFR/stroke_UKLFR
sub-STUKLFR0341,UKLFR/stroke_UKLFR
sub-STUKLFR0342,UKLFR/stroke_UKLFR
sub-STUKLFR0343,UKLFR/stroke_UKLFR
sub-STUKLFR0344,UKLFR/stroke_UKLFR
sub-STUKLFR0345,UKLFR/stroke_UKLFR
sub-STUKLFR0346,UKLFR/stroke_UKLFR
sub-STUKLFR0347,UKLFR/stroke_UKLFR
sub-STUKLFR0348,UKLFR/stroke_UKLFR
sub-STUKLFR0349,UKLFR/stroke_UKLFR
sub-STUKLFR0350,UKLFR/stroke_UKLFR
sub-STUKLFR0351,UKLFR/stroke_UKLFR
sub-STUKLFR0352,UKLFR/stroke_UKLFR
sub-STUKLFR0353,UKLFR/stroke_UKLFR
sub-STUKLFR0354,UKLFR/stroke_UKLFR
sub-STUKLFR0355,UKLFR/stroke_UKLFR
sub-STUKLFR0356,UKLFR/stroke_UKLFR
sub-STUKLFR0357,UKLFR/stroke_UKLFR
sub-STUKLFR0358,UKLFR/stroke_UKLFR
sub-STUKLFR0359,UKLFR/stroke_UKLFR
sub-STUKLFR0360,UKLFR/stroke_UKLFR
sub-STUKLFR0361,UKLFR/stroke_UKLFR
sub-STUKLFR0362,UKLFR/stroke_UKLFR
sub-STUKLFR0363,UKLFR/stroke_UKLFR
sub-STUKLFR0364,UKLFR/stroke_UKLFR
sub-STUKLFR0365,UKLFR/stroke_UKLFR
sub-STUKLFR0367,UKLFR/stroke_UKLFR
sub-STUKLFR0368,UKLFR/stroke_UKLFR
sub-STUKLFR0369,UKLFR/stroke_UKLFR
sub-STUKLFR0370,UKLFR/stroke_UKLFR
sub-STUKLFR0371,UKLFR/stroke_UKLFR
sub-STUKLFR0372,UKLFR/stroke_UKLFR
sub-STUKLFR0373,UKLFR/stroke_UKLFR
sub-STUKLFR0374,UKLFR/stroke_UKLFR
sub-STUKLFR0375,UKLFR/stroke_UKLFR
sub-STUKLFR0376,UKLFR/stroke_UKLFR
sub-STUKLFR0377,UKLFR/stroke_UKLFR
sub-STUKLFR0378,UKLFR/stroke_UKLFR
sub-STUKLFR0379,UKLFR/stroke_UKLFR
sub-STUKLFR0380,UKLFR/stroke_UKLFR
sub-STUKLFR0381,UKLFR/stroke_UKLFR
sub-STUKLFR0382,UKLFR/stroke_UKLFR
sub-STUKLFR0383,UKLFR/stroke_UKLFR
sub-STUKLFR0384,UKLFR/stroke_UKLFR
sub-STUKLFR0385,UKLFR/stroke_UKLFR
sub-STUKLFR0386,UKLFR/stroke_UKLFR
sub-STUKLFR0387,UKLFR/stroke_UKLFR
sub-STUKLFR0388,UKLFR/stroke_UKLFR
sub-STUKLFR0389,UKLFR/stroke_UKLFR
sub-STUKLFR0390,UKLFR/stroke_UKLFR
sub-STUKLFR0391,UKLFR/stroke_UKLFR
sub-STUKLFR0392,UKLFR/stroke_UKLFR
sub-STUKLFR0394,UKLFR/stroke_UKLFR
sub-STUKLFR0395,UKLFR/stroke_UKLFR
sub-STUKLFR0396,UKLFR/stroke_UKLFR
sub-STUKLFR0397,UKLFR/stroke_UKLFR
sub-STUKLFR0398,UKLFR/stroke_UKLFR
sub-STUKLFR0399,UKLFR/stroke_UKLFR
sub-STUKLFR0400,UKLFR/stroke_UKLFR
sub-STUKLFR0401,UKLFR/stroke_UKLFR
sub-STUKLFR0402,UKLFR/stroke_UKLFR
sub-STUKLFR0403,UKLFR/stroke_UKLFR
sub-STUKLFR0404,UKLFR/stroke_UKLFR
sub-STUKLFR0405,UKLFR/stroke_UKLFR
sub-STUKLFR0406,UKLFR/stroke_UKLFR
sub-STUKLFR0408,UKLFR/stroke_UKLFR
sub-STUKLFR0409,UKLFR/stroke_UKLFR
sub-STUKLFR0410,UKLFR/stroke_UKLFR
sub-STUKLFR0411,UKLFR/stroke_UKLFR
sub-STUKLFR0412,UKLFR/stroke_UKLFR
sub-STUKLFR0413,UKLFR/stroke_UKLFR
sub-STUKLFR0414,UKLFR/stroke_UKLFR
sub-STUKLFR0415,UKLFR/stroke_UKLFR
sub-STUKLFR0416,UKLFR/stroke_UKLFR
sub-STUKLFR0417,UKLFR/stroke_UKLFR
sub-STUKLFR0418,UKLFR/stroke_UKLFR
sub-STUKLFR0419,UKLFR/stroke_UKLFR
sub-STUKLFR0420,UKLFR/stroke_UKLFR
sub-STUKLFR0421,UKLFR/stroke_UKLFR
sub-STUKLFR0422,UKLFR/stroke_UKLFR
sub-STUKLFR0423,UKLFR/stroke_UKLFR
sub-STUKLFR0425,UKLFR/stroke_UKLFR
sub-STUKLFR0426,UKLFR/stroke_UKLFR
sub-STUKLFR0428,UKLFR/stroke_UKLFR
sub-STUKLFR0429,UKLFR/stroke_UKLFR
sub-STUKLFR0430,UKLFR/stroke_UKLFR
sub-STUKLFR0431,UKLFR/stroke_UKLFR
sub-STUKLFR0432,UKLFR/stroke_UKLFR
sub-STUKLFR0433,UKLFR/stroke_UKLFR
sub-STUKLFR0435,UKLFR/stroke_UKLFR
sub-STUKLFR0437,UKLFR/stroke_UKLFR
sub-STUKLFR0438,UKLFR/stroke_UKLFR
sub-STUKLFR0440,UKLFR/stroke_UKLFR
sub-STUKLFR0442,UKLFR/stroke_UKLFR
sub-STUKLFR0443,UKLFR/stroke_UKLFR
sub-STUKLFR0444,UKLFR/stroke_UKLFR
sub-STUKLFR0445,UKLFR/stroke_UKLFR
sub-STUKLFR0446,UKLFR/stroke_UKLFR
sub-STUKLFR0447,UKLFR/stroke_UKLFR
sub-STUKLFR0448,UKLFR/stroke_UKLFR
sub-STUKLFR0449,UKLFR/stroke_UKLFR
sub-STUKLFR0450,UKLFR/stroke_UKLFR
sub-STUKLFR0451,UKLFR/stroke_UKLFR
sub-STUKLFR0452,UKLFR/stroke_UKLFR
sub-STUKLFR0453,UKLFR/stroke_UKLFR
sub-STUKLFR0454,UKLFR/stroke_UKLFR
sub-STUKLFR0455,UKLFR/stroke_UKLFR
sub-STUKLFR0456,UKLFR/stroke_UKLFR
sub-STUKLFR0457,UKLFR/stroke_UKLFR
sub-STUKLFR0458,UKLFR/stroke_UKLFR
sub-STUKLFR0459,UKLFR/stroke_UKLFR
sub-STUKLFR0460,UKLFR/stroke_UKLFR
sub-STUKLFR0461,UKLFR/stroke_UKLFR
sub-STUKLFR0462,UKLFR/stroke_UKLFR
sub-STUKLFR0463,UKLFR/stroke_UKLFR
sub-STUKLFR0464,UKLFR/stroke_UKLFR
sub-STUKLFR0465,UKLFR/stroke_UKLFR
sub-STUKLFR0467,UKLFR/stroke_UKLFR
sub-STUKLFR0468,UKLFR/stroke_UKLFR
sub-STUKLFR0469,UKLFR/stroke_UKLFR
sub-STUKLFR0470,UKLFR/stroke_UKLFR
sub-STUKLFR0472,UKLFR/stroke_UKLFR
sub-STUKLFR0473,UKLFR/stroke_UKLFR
sub-STUKLFR0474,UKLFR/stroke_UKLFR
sub-STUKLFR0475,UKLFR/stroke_UKLFR
sub-STUKLFR0476,UKLFR/stroke_UKLFR
sub-STUKLFR0477,UKLFR/stroke_UKLFR
sub-STUKLFR0478,UKLFR/stroke_UKLFR
sub-STUKLFR0480,UKLFR/stroke_UKLFR
sub-STUKLFR0481,UKLFR/stroke_UKLFR
sub-STUKLFR0482,UKLFR/stroke_UKLFR
sub-STUKLFR0483,UKLFR/stroke_UKLFR
sub-STUKLFR0484,UKLFR/stroke_UKLFR
sub-STUKLFR0485,UKLFR/stroke_UKLFR
sub-STUKLFR0486,UKLFR/stroke_UKLFR
sub-STUKLFR0487,UKLFR/stroke_UKLFR
sub-STUKLFR0488,UKLFR/stroke_UKLFR
sub-STUKLFR0489,UKLFR/stroke_UKLFR
sub-STUKLFR0490,UKLFR/stroke_UKLFR
sub-STUKLFR0491,UKLFR/stroke_UKLFR
sub-STUKLFR0492,UKLFR/stroke_UKLFR
sub-STUKLFR0493,UKLFR/stroke_UKLFR
sub-STUKLFR0494,UKLFR/stroke_UKLFR
sub-STUKLFR0495,UKLFR/stroke_UKLFR
sub-STUKLFR0496,UKLFR/stroke_UKLFR
sub-STUKLFR0497,UKLFR/stroke_UKLFR
sub-STUKLFR0498,UKLFR/stroke_UKLFR
sub-STUKLFR0499,UKLFR/stroke_UKLFR
sub-STUKLFR0500,UKLFR/stroke_UKLFR
sub-STUKLFR0501,UKLFR/stroke_UKLFR
sub-STUKLFR0502,UKLFR/stroke_UKLFR
sub-STUKLFR0503,UKLFR/stroke_UKLFR
sub-STUKLFR0504,UKLFR/stroke_UKLFR
sub-STUKLFR0505,UKLFR/stroke_UKLFR
sub-STUKLFR0506,UKLFR/stroke_UKLFR
sub-STUKLFR0507,UKLFR/stroke_UKLFR
sub-STUKLFR0508,UKLFR/stroke_UKLFR
sub-STUKLFR0509,UKLFR/stroke_UKLFR
sub-STUKLFR0510,UKLFR/stroke_UKLFR
sub-STUKLFR0511,UKLFR/stroke_UKLFR
sub-STUKLFR0512,UKLFR/stroke_UKLFR
sub-STUKLFR0513,UKLFR/stroke_UKLFR
sub-STUKLFR0514,UKLFR/stroke_UKLFR
sub-STUKLFR0515,UKLFR/stroke_UKLFR
sub-STUKLFR0516,UKLFR/stroke_UKLFR
sub-STUKLFR0517,UKLFR/stroke_UKLFR
sub-STUKLFR0518,UKLFR/stroke_UKLFR
sub-STUKLFR0519,UKLFR/stroke_UKLFR
sub-STUKLFR0520,UKLFR/stroke_UKLFR
sub-STUKLFR0521,UKLFR/stroke_UKLFR
sub-STUKLFR0522,UKLFR/stroke_UKLFR
sub-STUKLFR0523,UKLFR/stroke_UKLFR
sub-STUKLFR0524,UKLFR/stroke_UKLFR
sub-STUKLFR0525,UKLFR/stroke_UKLFR
sub-STUKLFR0526,UKLFR/stroke_UKLFR
sub-STUKLFR0527,UKLFR/stroke_UKLFR
sub-STUKLFR0528,UKLFR/stroke_UKLFR
sub-STUKLFR0529,UKLFR/stroke_UKLFR
sub-STUKLFR0531,UKLFR/stroke_UKLFR
sub-STUKLFR0532,UKLFR/stroke_UKLFR
sub-STUKLFR0533,UKLFR/stroke_UKLFR
sub-STUKLFR0534,UKLFR/stroke_UKLFR
sub-STUKLFR0535,UKLFR/stroke_UKLFR
sub-STUKLFR0536,UKLFR/stroke_UKLFR
sub-STUKLFR0537,UKLFR/stroke_UKLFR
sub-STUKLFR0538,UKLFR/stroke_UKLFR
sub-STUKLFR0539,UKLFR/stroke_UKLFR
sub-STUKLFR0540,UKLFR/stroke_UKLFR
sub-STUKLFR0541,UKLFR/stroke_UKLFR
sub-STUKLFR0542,UKLFR/stroke_UKLFR
sub-STUKLFR0543,UKLFR/stroke_UKLFR
sub-STUKLFR0544,UKLFR/stroke_UKLFR
sub-STUKLFR0545,UKLFR/stroke_UKLFR
sub-STUKLFR0546,UKLFR/stroke_UKLFR
sub-STUKLFR0547,UKLFR/stroke_UKLFR
sub-STUKLFR0548,UKLFR/stroke_UKLFR
sub-STUKLFR0549,UKLFR/stroke_UKLFR
sub-STUKLFR0550,UKLFR/stroke_UKLFR
sub-STUKLFR0551,UKLFR/stroke_UKLFR
sub-STUKLFR0552,UKLFR/stroke_UKLFR
sub-STUKLFR0553,UKLFR/stroke_UKLFR
sub-STUKLFR0554,UKLFR/stroke_UKLFR
sub-STUKLFR0555,UKLFR/stroke_UKLFR
sub-STUKLFR0556,UKLFR/stroke_UKLFR
sub-STUKLFR0557,UKLFR/stroke_UKLFR
sub-STUKLFR0558,UKLFR/stroke_UKLFR
sub-STUKLFR0559,UKLFR/stroke_UKLFR
sub-STUKLFR0560,UKLFR/stroke_UKLFR
sub-STUKLFR0561,UKLFR/stroke_UKLFR
sub-STUKLFR0562,UKLFR/stroke_UKLFR
sub-STUKLFR0563,UKLFR/stroke_UKLFR
sub-STUKLFR0564,UKLFR/stroke_UKLFR
sub-STUKLFR0565,UKLFR/stroke_UKLFR
sub-STUKLFR0566,UKLFR/stroke_UKLFR
sub-STUKLFR0567,UKLFR/stroke_UKLFR
sub-STUKLFR0568,UKLFR/stroke_UKLFR
sub-STUKLFR0569,UKLFR/stroke_UKLFR
sub-STUKLFR0571,UKLFR/stroke_UKLFR
sub-STUKLFR0572,UKLFR/stroke_UKLFR
sub-STUKLFR0573,UKLFR/stroke_UKLFR
sub-STUKLFR0574,UKLFR/stroke_UKLFR
sub-STUKLFR0575,UKLFR/stroke_UKLFR
sub-STUKLFR0576,UKLFR/stroke_UKLFR
sub-STUKLFR0577,UKLFR/stroke_UKLFR
sub-STUKLFR0578,UKLFR/stroke_UKLFR
sub-STUKLFR0579,UKLFR/stroke_UKLFR
sub-STUKLFR0580,UKLFR/stroke_UKLFR
sub-STUKLFR0581,UKLFR/stroke_UKLFR
sub-STUKLFR0582,UKLFR/stroke_UKLFR
sub-STUKLFR0583,UKLFR/stroke_UKLFR
sub-STUKLFR0584,UKLFR/stroke_UKLFR
sub-STUKLFR0585,UKLFR/stroke_UKLFR
sub-STUKLFR0586,UKLFR/stroke_UKLFR
sub-STUKLFR0587,UKLFR/stroke_UKLFR
sub-STUKLFR0588,UKLFR/stroke_UKLFR
sub-STUKLFR0589,UKLFR/stroke_UKLFR
sub-STUKLFR0590,UKLFR/stroke_UKLFR
sub-STUKLFR0591,UKLFR/stroke_UKLFR
sub-STUKLFR0592,UKLFR/stroke_UKLFR
sub-STUKLFR0593,UKLFR/stroke_UKLFR
sub-STUKLFR0594,UKLFR/stroke_UKLFR
sub-STUKLFR0595,UKLFR/stroke_UKLFR
sub-STUKLFR0596,UKLFR/stroke_UKLFR
sub-STUKLFR0597,UKLFR/stroke_UKLFR
sub-STUKLFR0598,UKLFR/stroke_UKLFR
sub-STUKLFR0599,UKLFR/stroke_UKLFR
sub-STUKLFR0600,UKLFR/stroke_UKLFR
sub-STUKLFR0602,UKLFR/stroke_UKLFR
sub-STUKLFR0603,UKLFR/stroke_UKLFR
sub-STUKLFR0605,UKLFR/stroke_UKLFR
sub-STUKLFR0606,UKLFR/stroke_UKLFR
sub-STUKLFR0607,UKLFR/stroke_UKLFR
sub-STUKLFR0608,UKLFR/stroke_UKLFR
sub-STUKLFR0609,UKLFR/stroke_UKLFR
sub-STUKLFR0610,UKLFR/stroke_UKLFR
sub-STUKLFR0611,UKLFR/stroke_UKLFR
sub-STUKLFR0612,UKLFR/stroke_UKLFR
sub-STUKLFR0613,UKLFR/stroke_UKLFR
sub-STUKLFR0614,UKLFR/stroke_UKLFR
sub-STUKLFR0615,UKLFR/stroke_UKLFR
sub-STUKLFR0616,UKLFR/stroke_UKLFR
sub-STUKLFR0617,UKLFR/stroke_UKLFR
sub-STUKLFR0618,UKLFR/stroke_UKLFR
sub-STUKLFR0619,UKLFR/stroke_UKLFR
sub-STUKLFR0620,UKLFR/stroke_UKLFR
sub-STUKLFR0621,UKLFR/stroke_UKLFR
sub-STUKLFR0622,UKLFR/stroke_UKLFR
sub-STUKLFR0623,UKLFR/stroke_UKLFR
sub-STUKLFR0624,UKLFR/stroke_UKLFR
sub-STUKLFR0625,UKLFR/stroke_UKLFR
sub-STUKLFR0626,UKLFR/stroke_UKLFR
sub-STUKLFR0627,UKLFR/stroke_UKLFR
sub-STUKLFR0628,UKLFR/stroke_UKLFR
sub-STUKLFR0629,UKLFR/stroke_UKLFR
sub-STUKLFR0630,UKLFR/stroke_UKLFR
sub-STUKLFR0631,UKLFR/stroke_UKLFR
sub-STUKLFR0632,UKLFR/stroke_UKLFR
sub-STUKLFR0633,UKLFR/stroke_UKLFR
sub-STUKLFR0634,UKLFR/stroke_UKLFR
sub-STUKLFR0635,UKLFR/stroke_UKLFR
sub-STUKLFR0636,UKLFR/stroke_UKLFR
sub-STUKLFR0637,UKLFR/stroke_UKLFR
sub-STUKLFR0638,UKLFR/stroke_UKLFR
sub-STUKLFR0639,UKLFR/stroke_UKLFR
sub-STUKLFR0640,UKLFR/stroke_UKLFR
sub-STUKLFR0641,UKLFR/stroke_UKLFR
sub-STUKLFR0642,UKLFR/stroke_UKLFR
sub-STUKLFR0643,UKLFR/stroke_UKLFR
sub-STUKLFR0644,UKLFR/stroke_UKLFR
sub-STUKLFR0645,UKLFR/stroke_UKLFR
sub-STUKLFR0646,UKLFR/stroke_UKLFR
sub-STUKLFR0647,UKLFR/stroke_UKLFR
sub-STUKLFR0648,UKLFR/stroke_UKLFR
sub-STUKLFR0649,UKLFR/stroke_UKLFR
sub-STUKLFR0650,UKLFR/stroke_UKLFR
sub-STUKLFR0651,UKLFR/stroke_UKLFR
sub-STUKLFR0652,UKLFR/stroke_UKLFR
sub-STUKLFR0653,UKLFR/stroke_UKLFR
sub-STUKLFR0654,UKLFR/stroke_UKLFR
sub-STUKLFR0655,UKLFR/stroke_UKLFR
sub-STUKLFR0656,UKLFR/stroke_UKLFR
sub-STUKLFR0657,UKLFR/stroke_UKLFR
sub-STUKLFR0658,UKLFR/stroke_UKLFR
sub-STUKLFR0659,UKLFR/stroke_UKLFR
sub-STUKLFR0660,UKLFR/stroke_UKLFR
sub-STUKLFR0661,UKLFR/stroke_UKLFR
sub-STUKLFR0662,UKLFR/stroke_UKLFR
sub-STUKLFR0663,UKLFR/stroke_UKLFR
sub-STUKLFR0664,UKLFR/stroke_UKLFR
sub-STUKLFR0665,UKLFR/stroke_UKLFR
sub-STUKLFR0666,UKLFR/stroke_UKLFR
sub-STUKLFR0667,UKLFR/stroke_UKLFR
sub-STUKLFR0668,UKLFR/stroke_UKLFR
sub-STUKLFR0669,UKLFR/stroke_UKLFR
sub-STUKLFR0670,UKLFR/stroke_UKLFR
sub-STUKLFR0671,UKLFR/stroke_UKLFR
sub-STUKLFR0672,UKLFR/stroke_UKLFR
sub-STUKLFR0673,UKLFR/stroke_UKLFR
sub-STUKLFR0674,UKLFR/stroke_UKLFR
sub-STUKLFR0675,UKLFR/stroke_UKLFR
sub-STUKLFR0676,UKLFR/stroke_UKLFR
sub-STUKLFR0677,UKLFR/stroke_UKLFR
sub-STUKLFR0678,UKLFR/stroke_UKLFR
sub-STUKLFR0679,UKLFR/stroke_UKLFR
sub-STUKLFR0680,UKLFR/stroke_UKLFR
sub-STUKLFR0681,UKLFR/stroke_UKLFR
sub-STUKLFR0682,UKLFR/stroke_UKLFR
sub-STUKLFR0683,UKLFR/stroke_UKLFR
sub-STUKLFR0684,UKLFR/stroke_UKLFR
sub-STUKLFR0685,UKLFR/stroke_UKLFR
sub-STUKLFR0686,UKLFR/stroke_UKLFR
sub-STUKLFR0687,UKLFR/stroke_UKLFR
sub-STUKLFR0688,UKLFR/stroke_UKLFR
sub-STUKLFR0689,UKLFR/stroke_UKLFR
sub-STUKLFR0690,UKLFR/stroke_UKLFR
sub-STUKLFR0691,UKLFR/stroke_UKLFR
sub-STUKLFR0692,UKLFR/stroke_UKLFR
sub-STUKLFR0693,UKLFR/stroke_UKLFR
sub-STUKLFR0694,UKLFR/stroke_UKLFR
sub-STUKLFR0695,UKLFR/stroke_UKLFR
sub-STUKLFR0696,UKLFR/stroke_UKLFR
sub-STUKLFR0697,UKLFR/stroke_UKLFR
sub-STUKLFR0698,UKLFR/stroke_UKLFR
sub-STUKLFR0699,UKLFR/stroke_UKLFR
sub-STUKLFR0700,UKLFR/stroke_UKLFR
sub-STUKLFR0701,UKLFR/stroke_UKLFR
sub-STUKLFR0702,UKLFR/stroke_UKLFR
sub-STUKLFR0703,UKLFR/stroke_UKLFR
sub-STUKLFR0704,UKLFR/stroke_UKLFR
sub-STUKLFR0706,UKLFR/stroke_UKLFR
sub-STUKLFR0707,UKLFR/stroke_UKLFR
sub-STUKLFR0708,UKLFR/stroke_UKLFR
sub-STUKLFR0709,UKLFR/stroke_UKLFR
sub-STUKLFR0710,UKLFR/stroke_UKLFR
sub-STUKLFR0711,UKLFR/stroke_UKLFR
sub-STUKLFR0712,UKLFR/stroke_UKLFR
sub-STUKLFR0713,UKLFR/stroke_UKLFR
sub-STUKLFR0714,UKLFR/stroke_UKLFR
sub-STUKLFR0715,UKLFR/stroke_UKLFR
sub-STUKLFR0716,UKLFR/stroke_UKLFR
sub-STUKLFR0717,UKLFR/stroke_UKLFR
sub-STUKLFR0718,UKLFR/stroke_UKLFR
sub-STUKLFR0719,UKLFR/stroke_UKLFR
sub-STUKLFR0720,UKLFR/stroke_UKLFR
sub-STUKLFR0721,UKLFR/stroke_UKLFR
sub-STUKLFR0722,UKLFR/stroke_UKLFR
sub-STUKLFR0723,UKLFR/stroke_UKLFR
sub-STUKLFR0724,UKLFR/stroke_UKLFR
sub-STUKLFR0725,UKLFR/stroke_UKLFR
sub-STUKLFR0726,UKLFR/stroke_UKLFR
sub-STUKLFR0727,UKLFR/stroke_UKLFR
sub-STUKLFR0728,UKLFR/stroke_UKLFR
sub-STUKLFR0729,UKLFR/stroke_UKLFR
sub-STUKLFR0730,UKLFR/stroke_UKLFR
sub-STUKLFR0731,UKLFR/stroke_UKLFR
sub-STUKLFR0732,UKLFR/stroke_UKLFR
sub-STUKLFR0733,UKLFR/stroke_UKLFR
sub-STUKLFR0735,UKLFR/stroke_UKLFR
