region_name,n_voxels_region,n_voxels_overlap,fraction_covered,mean_overlap,weighted_mean_overlap,sum_overlap,sum_atlas_in_tract,pwll_normalised,max_atlas_prob_in_overlap,continuous_dice,p90_overlap,p95_overlap
Corticobulbar_Tract_R,35042,34896,0.9958335711431996,0.6912047442115338,0.7413031543027652,24221.196646660566,5254.993314363179,4.609177442806279,0.96299809217453,1.2065054758182503,1.0,1.0
Corticospinal_Tract_R,69268,68689,0.9916411618640643,0.6186854935111629,0.7586418765538753,42855.10676453123,15256.06613562617,2.80905355178393,0.9840375781059265,1.0210274108377546,1.0,1.0
Frontal_Aslant_Tract_R,77604,77210,0.9949229421163858,0.5178484658916571,0.5653115476137547,40187.11234705616,14691.569407201489,2.7353859368732456,0.9258216023445129,0.8745685760597481,1.0,1.0
Corticostriatal_Tract_Superior_R,208622,206153,0.9881651983012338,0.5109454722687262,0.6529433943105769,106594.46631564619,34701.90798220254,3.07171773869941,1.0,0.8851342678349968,1.0,1.0
Superior_Longitudinal_Fasciculus1_R,53257,52744,0.9903674634320371,0.49102159535723156,0.47676645214485786,26150.33710394008,9730.505426321004,2.6874592796797026,0.9849765300750732,0.8371522727708617,0.9943820238113403,1.0
Thalamic_Radiation_Superior_R,236782,232310,0.9811134292302625,0.4836131211481694,0.6942291609138691,114510.88205170585,35109.62067250005,3.2615243303211647,0.9943662285804749,0.8564134655769595,1.0,1.0
Arcuate_Fasciculus_R,116261,115628,0.9945553539019963,0.4760573096766449,0.5431305239387348,55346.89888031641,14646.617476134794,3.7788178035303153,0.8986615538597107,0.8496958187646261,1.0,1.0
Thalamic_Radiation_Anterior_R,105201,104059,0.9891445898803243,0.44165865925925596,0.6150302459216576,46462.932612732984,21447.545172423997,2.1663520108805883,1.0,0.7404065269887089,0.9887640476226807,1.0
Superior_Longitudinal_Fasciculus2_R,179004,177477,0.9914694643695113,0.43717157526991146,0.4913032664571218,78255.46065961523,29050.4280155116,2.6937799545614403,0.9774647951126099,0.7578214807743379,0.9887640476226807,1.0
Corticopontine_Tract_Frontal_R,190168,173861,0.914249505700223,0.43190491792686797,0.6409746472611939,82134.49443231663,20028.18458484544,4.100945549226895,0.9981220960617065,0.847231315229703,1.0,1.0
Superior_Longitudinal_Fasciculus3_R,93691,92652,0.9889103542496077,0.42897702569537294,0.48631869795592886,40191.286514425185,20146.142322654603,1.9949867260308964,0.9990610480308533,0.7126231990498497,0.9887640476226807,1.0
Reticulospinal_Tract_R,183138,171943,0.9388712337144667,0.40441250748326585,0.5429119937504256,74063.29779547034,23555.35839100537,3.1442229222779075,1.0,0.7576871581431949,0.9943820238113403,1.0
Corticostriatal_Tract_Anterior_R,129310,125086,0.9673343128915011,0.38733989151592113,0.45586310246479333,50086.92137192376,27684.15004533209,1.8092273481363055,1.0,0.6557160722439727,0.9775280952453613,1.0
Cingulum_Frontal_Parahippocampal_R,39318,36948,0.9397222646116282,0.3674958609076529,0.46783399901077777,14449.202259167098,5933.081850229413,2.435362030039817,0.9849765300750732,0.6739196697337894,0.9775280952453613,1.0
Cingulum_Frontal_Parietal_R,59306,57391,0.967709843860655,0.343917492265279,0.3326159335856766,20396.37079628464,14547.755314364797,1.4020287223379941,1.0,0.5670481983502396,0.9438202381134033,0.9943820238113403
Superior_Longitudinal_Fasciculus1_L,57649,52175,0.9050460545716318,0.33421835518374743,0.3433080488361531,19267.353957987856,11466.030356400646,1.680385744594885,0.9943662285804749,0.6055010061932493,0.9101123809814453,0.9606741666793823
Corticopontine_Tract_Parietal_R,102022,91453,0.8964046970261316,0.30944702644471467,0.5803170849057759,31570.40453194268,8612.581460086163,3.6656146218472854,0.9859155416488647,0.6309942753799993,0.9719101190567017,1.0
Cingulum_Frontal_Parahippocampal_L,52080,40348,0.774731182795699,0.2794320319254454,0.307768212198339,14552.820222677197,6921.295964203193,2.102614929045673,0.9830986261367798,0.615740933975322,0.8707864880561829,0.9606741666793823
Corpus_Callosum_Body,530090,437822,0.8259389914920108,0.2755944136704227,0.448461472212308,146089.84274255438,130768.44563659455,1.1171643283773365,1.0,0.51386668159361,0.9213483333587646,1.0
Cingulum_Frontal_Parietal_L,59842,51312,0.8574579726613415,0.2617521082545271,0.2309106531327992,15663.769662167411,11596.770264114079,1.3507010404990571,0.9962441325187683,0.49798365462892263,0.8314606547355652,0.932584285736084
Inferior_Fronto_Occipital_Fasciculus_R,169502,162631,0.9594636051492018,0.26104965262940644,0.370448121224715,44248.43821998965,38625.10432292492,1.1455875393902082,1.0,0.4397226943138176,0.8202247023582458,0.966292142868042
Corticostriatal_Tract_Posterior_R,119578,117147,0.9796701734432756,0.2569103032679694,0.32319901450914373,30720.820244177245,19163.4145988588,1.6030974065554424,1.0,0.450747953992863,0.8539325594902039,0.9943820238113403
Middle_Longitudinal_Fasciculus_R,52871,50350,0.9523179058463052,0.2543890483415047,0.2862811036752308,13449.803374863695,8032.428772137035,1.6744379261125228,0.9755639433860779,0.4607483332821742,0.7808988690376282,0.9775280952453613
Thalamic_Radiation_Posterior_R,82498,81203,0.9843026497612063,0.25335588676446824,0.32159454588803216,20901.3539462951,14052.470799213334,1.4873792833261161,1.0,0.43884836788750015,0.7752808928489685,0.932584285736084
Corticospinal_Tract_L,73146,68623,0.9381647663576955,0.25104639130580125,0.23523212759228398,18363.03933845414,17962.16198263975,1.0223178788946359,0.9943662285804749,0.42416134399877686,0.6853932738304138,0.8707864880561829
Parietal_Aslant_Tract_R,80870,80286,0.9927785334487449,0.23362887863401327,0.2314924785091323,18893.567415132653,21561.813714275777,0.8762513054559731,0.9859155416488647,0.3710156698726344,0.6685393452644348,0.8370786309242249
Frontal_Aslant_Tract_L,101071,95267,0.9425750215195259,0.2201726254760507,0.20764482064110498,22253.06742948992,23110.79405132815,0.9628863197026787,0.9868544936180115,0.3759669219691842,0.6292135119438171,0.8146067261695862
Cingulum_Rarolfactory_R,32552,30102,0.9247358073236668,0.21985635431243633,0.22595929844410914,7156.764045578428,5477.4048411345575,1.3065976047328314,0.9990610480308533,0.4022981316036096,0.7078651785850525,0.882022500038147
Optic_Radiation_R,46827,45605,0.9739039443056356,0.2162386868398047,0.23468917235033443,10125.808988647535,7849.896927424939,1.2899289101836884,0.9971831440925598,0.3788543078623918,0.7000000119209208,0.8314606547355652
Corticopontine_Tract_Occipital_R,126116,115280,0.9140791017793143,0.20275345784085919,0.3481551028838375,25570.455089057796,8395.315994702978,3.045800194440741,0.9821428656578064,0.4135094361133952,0.7865168452262878,0.9382022619247437
Corpus_Callosum_Forceps_Minor,271916,215038,0.7908251077538652,0.19710581478182448,0.26730391316631535,53596.224732214585,58192.60812395124,0.9210143085192833,1.0,0.39231493938556566,0.7808988690376282,0.9606741666793823
Thalamic_Radiation_Superior_L,197812,177969,0.8996875821487068,0.19391786609445807,0.28940212637048657,38359.28092787694,32191.26284148032,1.191605346977838,1.0,0.36504789639334034,0.617977499961853,0.8314606547355652
Corticopontine_Tract_Frontal_L,162218,134301,0.8279044249096894,0.19043983827915126,0.24713835914409005,30892.76968596736,15284.634220245585,2.021165128377602,0.9896714091300964,0.41304460614823124,0.6797752976417542,0.8595505356788635
Corticostriatal_Tract_Superior_L,190676,164443,0.8624210702972582,0.1849931151287934,0.24101373105498838,35273.74722029781,35166.52207316726,1.0030490688532536,0.9990610480308533,0.3534275003911702,0.617977499961853,0.8370786309242249
Uncinate_Fasciculus_R,50011,43036,0.8605306832496851,0.16060365608269617,0.15656671818729098,8031.949444351718,8322.104447411257,0.9651344194376463,1.0,0.3127821608983302,0.6292135119438171,0.9044944047927856
Inferior_Longitudinal_Fasciculus_R,165323,152574,0.9228842931715491,0.14554579470167017,0.22147433578487144,24062.06741746422,35262.821605562,0.6823636431200648,0.9821596741676331,0.25620181614861526,0.483146071434021,0.7078651785850525
Reticulospinal_Tract_L,223905,169440,0.756749514302941,0.14198635613421365,0.1685757982537983,31791.45507023111,29887.119125820696,1.0637176148157144,1.0,0.318987754497806,0.5898876190185547,0.7865168452262878
Thalamic_Radiation_Anterior_L,121816,100470,0.8247685033164773,0.13152102479088112,0.1361336978644649,16021.365155925974,20330.701015411934,0.7880380093033086,1.0,0.2652528507079101,0.47191011905670166,0.6966292262077332
Cingulum_Parahippocampal_Parietal_R,50831,46562,0.9160158171194743,0.12725435829692094,0.1382749536556015,6468.4662865907885,8123.010546720878,0.7963139096504065,0.9981220960617065,0.23657182185470613,0.35393258929252625,0.5
Corpus_Callosum_Tapetum,292224,194953,0.6671354851073149,0.1267833980265616,0.18594519176074692,37049.15170491394,20576.384598117962,1.800566641250605,0.9887323975563049,0.34379675675311566,0.6404494643211365,0.8764045238494873
Corticostriatal_Tract_Anterior_L,119728,92469,0.7723256047039957,0.11948881883739813,0.08598698629314283,14306.157301764004,29275.735999538563,0.48866943266565505,1.0,0.23501890548792562,0.466292142868042,0.7022472023963928
Superior_Longitudinal_Fasciculus2_L,137382,108287,0.7882182527550916,0.116489918434096,0.10718380239361172,16003.617974312976,28799.690919701417,0.5556871432729562,0.9896714091300964,0.23348171681650848,0.3595505654811859,0.5112359523773193
Cingulum_Rarolfactory_L,23148,15367,0.6638586486953516,0.1140094128912215,0.055139562733278996,2639.0898896059953,4384.311857536493,0.6019393636585142,0.9990610480308533,0.2672318586878066,0.6404494643211365,0.8595505356788635
Vertical_Occipital_Fasciculus_R,39874,38397,0.9629583187039173,0.10381324766510668,0.08593611394492497,4139.4494373984635,7041.651831129449,0.5878520461774257,0.9427230358123779,0.18219948306488173,0.3089887499809265,0.49438202381134033
Corticobulbar_Tract_L,44932,38717,0.861679871806285,0.09526618007699596,0.09271399450359795,4280.500003219582,5258.588056065259,0.814001773400457,0.9379450678825378,0.19467619160713878,0.23595505952835083,0.35393258929252625
Cingulum_Parahippocampal_R,19413,16305,0.8399010972029053,0.08713262337690036,0.09838610467945681,1691.5056176157668,3811.570995070855,0.44378174243723423,1.0,0.16817037237909332,0.2752808928489685,0.38764044642448425
Fornix_R,4523,3116,0.6889232810081805,0.07222138034752643,0.11791403440559417,326.65730331186205,1698.5878379547503,0.1923111045615317,0.9971831440925598,0.1356948151352565,0.24719101190567017,0.32162922620773315
Corticopontine_Tract_Parietal_L,105755,70959,0.6709753675949127,0.07194952939528114,0.06367753134417961,7609.022481197957,11562.157122423698,0.6580971353901588,0.9990610480308533,0.18441385813118552,0.2752808928489685,0.5
Corpus_Callosum_Forceps_Major,242297,160769,0.6635203902648402,0.06965761631984749,0.06230455527529804,16877.831461450085,50530.93748788157,0.3340098620869197,1.0,0.1597523564096469,0.2752808928489685,0.4438202381134033
Arcuate_Fasciculus_L,162000,89949,0.5552407407407407,0.05205392567738373,0.04555759890382872,8432.735959736165,30472.168898023665,0.2767356661731777,0.9971831440925598,0.14005404592737783,0.23595505952835083,0.3651685416698456
Superior_Longitudinal_Fasciculus3_L,58549,38404,0.6559292216775692,0.04211242642503468,0.04197828766882618,2465.6404547593556,12202.021922422864,0.2020681875868792,0.9755868911743164,0.0974445475496608,0.15730337798595428,0.2078651636838913
Thalamic_Radiation_Posterior_L,89307,55949,0.6264794472997637,0.04210724708221619,0.04427867193882681,3760.4719151714817,16544.246452726424,0.22729786611416028,1.0,0.1037468205434481,0.1741573065519333,0.2584269642829895
Inferior_Fronto_Occipital_Fasciculus_L,183724,97681,0.5316725087631448,0.035607209096033966,0.02578123042545979,6541.898883959744,39250.6123131034,0.16666998292344604,1.0,0.09554987009137451,0.16853933036327362,0.2808988690376282
Corticopontine_Tract_Occipital_L,119160,54717,0.45918932527693856,0.031445681663947074,0.030463107148631475,3747.0674270759337,8650.060333137866,0.4331839643616289,0.9971831440925598,0.11826546497112479,0.12921348214149475,0.23595505952835083
Corticostriatal_Tract_Posterior_L,130476,69854,0.5353781538367209,0.025106257497852315,0.03072059471790173,3275.7640532897785,17165.491547412705,0.19083427027078192,0.9971831440925598,0.07528805317151212,0.12359550595283508,0.17977528274059296
Middle_Longitudinal_Fasciculus_L,77464,38769,0.5004776412268925,0.023820851381481378,0.014205844325134562,1845.2584314150736,9211.224701080471,0.20032715423809233,0.948863685131073,0.07691745684440365,0.12921348214149475,0.19662921130657196
Cingulum_Parahippocampal_Parietal_L,44397,22806,0.5136833569835799,0.01906951406892921,0.018833962074738874,846.62921611825,6486.316605456115,0.13052542261136132,0.9830986261367798,0.057805548637321034,0.10674156993627548,0.15730337798595428
Fornix_L,4461,2075,0.4651423447657476,0.018962090980487872,0.03272563222688756,84.58988786395639,1365.157783862378,0.06196345130496939,0.9943662285804749,0.049177911699727066,0.06741572916507721,0.11235955357551575
Optic_Radiation_L,49625,24328,0.4902367758186398,0.016242379714854493,0.024786449762062075,806.0280933496542,8965.40024011163,0.08990430675291504,0.9990610480308533,0.04841969204326315,0.07865168899297714,0.11235955357551575
Uncinate_Fasciculus_L,63047,23787,0.3772899582850889,0.0149472045790331,0.008485903900480152,942.3764070942998,11547.558060827723,0.08160828481054208,0.9981220960617065,0.053340211895222686,0.11235955357551575,0.16292135417461395
Cingulum_Parahippocampal_L,25819,9112,0.3529183934311941,0.009858822763554693,0.004541179842885281,254.54494493221864,5078.579477798194,0.050121288058009486,0.9924882650375366,0.035875200914869725,0.07303370535373688,0.11797752976417542
Inferior_Longitudinal_Fasciculus_L,152437,45398,0.2978148349810085,0.0061022446665215425,0.008615050504476104,930.2078702305444,32227.075048810453,0.028864173022890568,0.9924882650375366,0.02396668524044922,0.04494382068514824,0.06741572916507721
Parietal_Aslant_Tract_L,71376,16785,0.23516308002689978,0.003981368517285969,0.0017550189361737782,284.17415928980336,14785.88771836739,0.01921928292048338,0.9652582406997681,0.01800229134035251,0.03932584449648857,0.05056179687380791
Vertical_Occipital_Fasciculus_L,43855,10795,0.24615209212176492,0.003364893782889404,0.001999723086524901,147.5674168486148,8287.049990334956,0.017806990065309145,0.9624413251876831,0.015466620926300644,0.028089888393878937,0.03932584449648857
